Feature,Importance
writing score,0.3571743843028953
reading score,0.3287880320617975
gender,0.09340049428245768
parental level of education,0.08159587606299225
lunch,0.06031508779757825
race/ethnicity,0.05824442069180869
test preparation course,0.02048170480047029
